{
  "173690325": {
    "name": "Кира",
    "timezone": 5,
    "expedition_end": 1758195536.794064
  },
  "7302525743": {
    "name": "Hime",
    "timezone": 5,
    "expedition_end": 1758195574.695829
  }
}