{
  "173690325": {
    "name": "Кира",
    "timezone": 5,
    "expedition_end": 1758329132.250472,
    "resin_set_time": 1758256972.586631,
    "resin_at_set": 180,
    "notified_192": true,
    "notified_full": true
  },
  "7302525743": {
    "name": "Hime",
    "timezone": 5,
    "expedition_end": 1758329125.586415,
    "resin_set_time": 1758257098.631117,
    "resin_at_set": 2,
    "notified_192": false,
    "notified_full": false
  }
}